benchmark,cpu_average,fpga_estimation
cholesky,8767,7958.642999999999
atax,17877,5462.385
bicg,5166,2436.642
lu,9044,10235.0
symm,36144,27927.899999999998
3mm,87649,31159.194
gemm,51452,25068.098
mvt,14732,4338.927
trmm,29465,13924.019999999999
syr2k,58734,41820.156
gesummv,30061,7118.01
trisolv,1904,1158.465
gemver,27973,12017.081999999999
doitgen,154898,122456.955
durbin,1435,3626.7780000000002
syrk,62472,36282.786
2mm,85232,46891.117
gramschmidt,122529,64403.825999999994
