benchmark,cpu_average,fpga_estimation
cholesky,1175,7958.642999999999
atax,1224,5462.385
bicg,320,2436.642
lu,1388,10235.0
symm,2920,27927.899999999998
3mm,2335,31159.194
gemm,3087,25068.098
mvt,1336,4338.927
trmm,1902,13924.019999999999
syr2k,3400,41820.156
gesummv,2105,7118.01
trisolv,435,1158.465
gemver,1980,12017.081999999999
doitgen,6212,122456.955
durbin,519,3626.7780000000002
syrk,2136,36282.786
2mm,5735,46891.117
gramschmidt,7142,64403.825999999994
