{
  "l0": {
    "data": [
      0.25437450408935547,
      -0.23463726043701172,
      -2.863757610321045,
      1.7414512634277344,
      -3.7430310249328613,
      -2.1609580516815186,
      1.24456787109375,
      -4.785909652709961
    ],
    "format": {
      "frac_width": 16,
      "is_signed": true,
      "numeric_type": "fixed_point",
      "width": 32
    }
  },
  "l1": {
    "data": [
      0.8320369720458984,
      -3.3008337020874023,
      3.702716827392578,
      -2.0117223262786865,
      -2.95926570892334,
      0.6847739219665527,
      -2.7415716648101807,
      -0.023340225219726562
    ],
    "format": {
      "frac_width": 16,
      "is_signed": true,
      "numeric_type": "fixed_point",
      "width": 32
    }
  },
  "l2": {
    "data": [
      0.6066179275512695,
      -1.8506836891174316,
      -2.293882369995117,
      1.1740550994873047,
      -4.254510402679443,
      1.633091926574707,
      2.31101131439209,
      -2.838602066040039
    ],
    "format": {
      "frac_width": 16,
      "is_signed": true,
      "numeric_type": "fixed_point",
      "width": 32
    }
  },
  "l3": {
    "data": [
      -1.0803449153900146,
      -2.352006435394287,
      2.1463823318481445,
      -3.1580734252929688,
      0.3266181945800781,
      -1.2943744659423828,
      -1.6923987865447998,
      -1.5437257289886475
    ],
    "format": {
      "frac_width": 16,
      "is_signed": true,
      "numeric_type": "fixed_point",
      "width": 32
    }
  },
  "l4": {
    "data": [
      -3.914358615875244,
      0.6572079658508301,
      -1.0768258571624756,
      3.00870418548584,
      -4.729459285736084,
      3.4512290954589844,
      4.011235237121582,
      2.4941024780273438
    ],
    "format": {
      "frac_width": 16,
      "is_signed": true,
      "numeric_type": "fixed_point",
      "width": 32
    }
  },
  "l5": {
    "data": [
      -4.560574531555176,
      1.0889959335327148,
      1.1436867713928223,
      3.4472599029541016,
      -4.576680660247803,
      -0.07059478759765625,
      -2.0984554290771484,
      -4.400135040283203
    ],
    "format": {
      "frac_width": 16,
      "is_signed": true,
      "numeric_type": "fixed_point",
      "width": 32
    }
  },
  "l6": {
    "data": [
      4.607542037963867,
      -4.535602569580078,
      0.9248971939086914,
      -4.135397911071777,
      -2.097715139389038,
      -4.864701271057129,
      0.4890432357788086,
      3.305821418762207
    ],
    "format": {
      "frac_width": 16,
      "is_signed": true,
      "numeric_type": "fixed_point",
      "width": 32
    }
  },
  "l7": {
    "data": [
      -4.919885635375977,
      -3.8779103755950928,
      0.43022871017456055,
      -2.0848822593688965,
      4.779422760009766,
      -0.62982177734375,
      0.07280921936035156,
      -4.218631744384766
    ],
    "format": {
      "frac_width": 16,
      "is_signed": true,
      "numeric_type": "fixed_point",
      "width": 32
    }
  },
  "out_mem_0": {
    "data": [
      -4.333392143249512,
      -1.1691653728485107,
      3.439004898071289,
      -4.423947334289551,
      -0.09388542175292969,
      1.780097484588623,
      3.9398326873779297,
      -0.6065726280212402
    ],
    "format": {
      "frac_width": 16,
      "is_signed": true,
      "numeric_type": "fixed_point",
      "width": 32
    }
  },
  "out_mem_1": {
    "data": [
      -0.5802130699157715,
      -1.9823718070983887,
      0.5486679077148438,
      -4.923739433288574,
      -1.7107689380645752,
      1.1606035232543945,
      -1.5082061290740967,
      -2.597341537475586
    ],
    "format": {
      "frac_width": 16,
      "is_signed": true,
      "numeric_type": "fixed_point",
      "width": 32
    }
  },
  "out_mem_2": {
    "data": [
      0.8410191535949707,
      2.527533531188965,
      -2.7708232402801514,
      -0.3648242950439453,
      0.18964672088623047,
      4.92160701751709,
      -0.27034759521484375,
      0.7219552993774414
    ],
    "format": {
      "frac_width": 16,
      "is_signed": true,
      "numeric_type": "fixed_point",
      "width": 32
    }
  },
  "out_mem_3": {
    "data": [
      -2.9914474487304688,
      1.730299949645996,
      -3.63802433013916,
      2.1392154693603516,
      -1.1072373390197754,
      -0.8404159545898438,
      -3.084656000137329,
      1.9106459617614746
    ],
    "format": {
      "frac_width": 16,
      "is_signed": true,
      "numeric_type": "fixed_point",
      "width": 32
    }
  },
  "out_mem_4": {
    "data": [
      4.529521942138672,
      -4.2233381271362305,
      3.8730993270874023,
      -4.77726936340332,
      3.1988086700439453,
      -3.244757652282715,
      -4.024420738220215,
      -1.25701904296875
    ],
    "format": {
      "frac_width": 16,
      "is_signed": true,
      "numeric_type": "fixed_point",
      "width": 32
    }
  },
  "out_mem_5": {
    "data": [
      -3.2849466800689697,
      -1.8027591705322266,
      -0.13088226318359375,
      -0.5635952949523926,
      2.90647029876709,
      -1.9790840148925781,
      -2.0392227172851562,
      2.7785849571228027
    ],
    "format": {
      "frac_width": 16,
      "is_signed": true,
      "numeric_type": "fixed_point",
      "width": 32
    }
  },
  "out_mem_6": {
    "data": [
      4.968148231506348,
      -0.6298007965087891,
      -4.962135314941406,
      -3.7579762935638428,
      4.9639739990234375,
      -2.636340856552124,
      -3.0861175060272217,
      -1.7536938190460205
    ],
    "format": {
      "frac_width": 16,
      "is_signed": true,
      "numeric_type": "fixed_point",
      "width": 32
    }
  },
  "out_mem_7": {
    "data": [
      4.628147125244141,
      -2.0401358604431152,
      0.5367574691772461,
      3.653524398803711,
      -2.2121500968933105,
      -4.3174943923950195,
      4.330837249755859,
      1.5107860565185547
    ],
    "format": {
      "frac_width": 16,
      "is_signed": true,
      "numeric_type": "fixed_point",
      "width": 32
    }
  },
  "t0": {
    "data": [
      4.146127700805664,
      -2.095903158187866,
      1.0628581047058105,
      4.918137550354004,
      4.112734794616699,
      3.6285133361816406,
      4.752158164978027,
      0.8024463653564453
    ],
    "format": {
      "frac_width": 16,
      "is_signed": true,
      "numeric_type": "fixed_point",
      "width": 32
    }
  },
  "t1": {
    "data": [
      2.1869587898254395,
      -4.809877872467041,
      -4.105961322784424,
      -2.7978551387786865,
      -2.9516077041625977,
      -1.5665113925933838,
      -3.0482542514801025,
      3.3159074783325195
    ],
    "format": {
      "frac_width": 16,
      "is_signed": true,
      "numeric_type": "fixed_point",
      "width": 32
    }
  },
  "t2": {
    "data": [
      4.657749176025391,
      4.800819396972656,
      -0.15601730346679688,
      2.9629478454589844,
      -2.856227159500122,
      0.39411067962646484,
      -0.767125129699707,
      0.18570518493652344
    ],
    "format": {
      "frac_width": 16,
      "is_signed": true,
      "numeric_type": "fixed_point",
      "width": 32
    }
  },
  "t3": {
    "data": [
      -1.7769420146942139,
      3.3530731201171875,
      -0.8491826057434082,
      3.850553512573242,
      -3.5133492946624756,
      -4.2911505699157715,
      3.546539306640625,
      -2.941720485687256
    ],
    "format": {
      "frac_width": 16,
      "is_signed": true,
      "numeric_type": "fixed_point",
      "width": 32
    }
  },
  "t4": {
    "data": [
      -4.407800674438477,
      3.999420166015625,
      2.3703670501708984,
      -2.525157928466797,
      0.6804561614990234,
      -2.9845058917999268,
      -0.5539426803588867,
      -2.5128185749053955
    ],
    "format": {
      "frac_width": 16,
      "is_signed": true,
      "numeric_type": "fixed_point",
      "width": 32
    }
  },