{
  "l0": {
    "data": [
      2.19033145904541,
      -3.756917715072632
    ],
    "format": {
      "frac_width": 16,
      "is_signed": true,
      "numeric_type": "fixed_point",
      "width": 32
    }
  },
  "l1": {
    "data": [
      -1.2588155269622803,
      4.788185119628906
    ],
    "format": {
      "frac_width": 16,
      "is_signed": true,
      "numeric_type": "fixed_point",
      "width": 32
    }
  },
  "out_mem_0": {
    "data": [
      -2.0386338233947754,
      -4.995839595794678
    ],
    "format": {
      "frac_width": 16,
      "is_signed": true,
      "numeric_type": "fixed_point",
      "width": 32
    }
  },
  "out_mem_1": {
    "data": [
      -1.4010870456695557,
      -0.4875349998474121
    ],
    "format": {
      "frac_width": 16,
      "is_signed": true,
      "numeric_type": "fixed_point",
      "width": 32
    }
  },
  "t0": {
    "data": [
      0.9876976013183594,
      -1.0963332653045654
    ],
    "format": {
      "frac_width": 16,
      "is_signed": true,
      "numeric_type": "fixed_point",
      "width": 32
    }
  },
  "t1": {
    "data": [
      -4.515261650085449,
      -4.207344055175781
    ],
    "format": {
      "frac_width": 16,
      "is_signed": true,
      "numeric_type": "fixed_point",
      "width": 32
    }
  }
}