{
  "l0": {
    "data": [
      4.871522903442383,
      -0.8772087097167969,
      -2.8975653648376465,
      -3.094339370727539
    ],
    "format": {
      "frac_width": 16,
      "is_signed": true,
      "numeric_type": "fixed_point",
      "width": 32
    }
  },
  "l1": {
    "data": [
      4.132286071777344,
      4.114755630493164,
      -1.2845969200134277,
      1.7959556579589844
    ],
    "format": {
      "frac_width": 16,
      "is_signed": true,
      "numeric_type": "fixed_point",
      "width": 32
    }
  },
  "l2": {
    "data": [
      2.023746967315674,
      -0.5316219329833984,
      -1.1720490455627441,
      2.3155784606933594
    ],
    "format": {
      "frac_width": 16,
      "is_signed": true,
      "numeric_type": "fixed_point",
      "width": 32
    }
  },
  "l3": {
    "data": [
      -1.9785726070404053,
      2.7275705337524414,
      0.9433088302612305,
      -4.007898330688477
    ],
    "format": {
      "frac_width": 16,
      "is_signed": true,
      "numeric_type": "fixed_point",
      "width": 32
    }
  },
  "out_mem_0": {
    "data": [
      2.5611982345581055,
      -3.307403326034546,
      -0.2557706832885742,
      4.055492401123047
    ],
    "format": {
      "frac_width": 16,
      "is_signed": true,
      "numeric_type": "fixed_point",
      "width": 32
    }
  },
  "out_mem_1": {
    "data": [
      1.261392593383789,
      0.641545295715332,
      -3.8420820236206055,
      -2.497551441192627
    ],
    "format": {
      "frac_width": 16,
      "is_signed": true,
      "numeric_type": "fixed_point",
      "width": 32
    }
  },
  "out_mem_2": {
    "data": [
      -0.7137107849121094,
      -3.8540637493133545,
      1.7760753631591797,
      -0.7157382965087891
    ],
    "format": {
      "frac_width": 16,
      "is_signed": true,
      "numeric_type": "fixed_point",
      "width": 32
    }
  },
  "out_mem_3": {
    "data": [
      1.325784683227539,
      4.4763336181640625,
      0.8441162109375,
      -1.2194859981536865
    ],
    "format": {
      "frac_width": 16,
      "is_signed": true,
      "numeric_type": "fixed_point",
      "width": 32
    }
  },
  "t0": {
    "data": [
      -2.5930798053741455,
      -1.4442574977874756,
      -4.449085235595703,
      1.2101125717163086
    ],
    "format": {
      "frac_width": 16,
      "is_signed": true,
      "numeric_type": "fixed_point",
      "width": 32
    }
  },
  "t1": {
    "data": [
      4.845987319946289,
      -0.42649173736572266,
      2.0236825942993164,
      -1.027604341506958
    ],
    "format": {
      "frac_width": 16,
      "is_signed": true,
      "numeric_type": "fixed_point",
      "width": 32
    }
  },
  "t2": {
    "data": [
      -3.803415298461914,
      -1.7661893367767334,
      3.5924739837646484,
      3.1433496475219727
    ],
    "format": {
      "frac_width": 16,
      "is_signed": true,
      "numeric_type": "fixed_point",
      "width": 32
    }
  },
  "t3": {
    "data": [
      -3.3485186100006104,
      -3.594926595687866,
      -1.955416202545166,
      -2.0124197006225586
    ],
    "format": {
      "frac_width": 16,
      "is_signed": true,
      "numeric_type": "fixed_point",
      "width": 32
    }
  }
}